CNV.Chromosome,Start,End,Sample
1,925689,1302298,ACH000489
1,1302669,1308817,ACH000489
1,1309029,1462958,ACH000489
1,1468133,1512725,ACH000489
1,1515759,1991208,ACH000489
1,2019171,2019743,ACH000489
1,2024689,103008768,ACH000489
1,103012160,103755066,ACH000489
1,107056640,248918615,ACH000489
10,46804,42784822,ACH000489
10,42785229,133625762,ACH000489
11,197487,46937103,ACH000489
11,46986955,55265947,ACH000489
11,55268097,134387911,ACH000489
12,66632,123267534,ACH000489
12,123271311,123271870,ACH000489
12,123295655,123350693,ACH000489
12,123383946,123391038,ACH000489
12,123394794,133203125,ACH000489
13,19173610,32249939,ACH000489
13,32251625,32258222,ACH000489
13,32261250,33966375,ACH000489
13,34678494,41912420,ACH000489
13,42048521,79343083,ACH000489
13,79343995,114326533,ACH000489
14,18967233,20035010,ACH000489
14,20059792,105601977,ACH000489
14,105624225,106211293,ACH000489
14,106211294,106875267,ACH000489
15,19964405,28299768,ACH000489
15,29053632,29822280,ACH000489
15,30626568,43611065,ACH000489
15,43630448,43699341,ACH000489
15,43746287,45110910,ACH000489
15,45111331,45111676,ACH000489
15,45111677,49577916,ACH000489
15,49587763,52283144,ACH000489
15,52313443,71901592,ACH000489
15,71902688,80131545,ACH000489
15,80137227,82875654,ACH000489
15,82892434,83284880,ACH000489
15,83490581,85770828,ACH000489
15,86143471,101923311,ACH000489
16,47177,46582306,ACH000489
16,46583263,48365729,ACH000489
16,48384953,48543511,ACH000489
16,48545896,90076160,ACH000489
17,213599,6538334,ACH000489
17,6556132,6580116,ACH000489
17,6589526,8162621,ACH000489
17,8162625,8175916,ACH000489
17,8175917,19064386,ACH000489
17,19112169,36106522,ACH000489
17,36165742,36169426,ACH000489
17,36195033,83094827,ACH000489
18,158446,23954900,ACH000489
18,24063903,80247600,ACH000489
19,281135,6422686,ACH000489
19,6424202,6424951,ACH000489
19,6426138,38222960,ACH000489
19,38223861,38256591,ACH000489
19,38283374,51629734,ACH000489
19,51629735,51630257,ACH000489
19,51643467,54218983,ACH000489
19,54218984,54239341,ACH000489
19,54240113,58571641,ACH000489
2,41355,241873526,ACH000489
20,87457,25686669,ACH000489
20,31257411,60070295,ACH000489
20,60070344,61252822,ACH000489
20,61254573,64273852,ACH000489
21,10413469,10650085,ACH000489
21,14108740,46664579,ACH000489
22,15689827,22687531,ACH000489
22,22697874,22895944,ACH000489
22,22899367,38962761,ACH000489
22,38964360,38964872,ACH000489
22,38982201,42409799,ACH000489
22,42411154,42503525,ACH000489
22,42508775,43339487,ACH000489
22,43342921,43343513,ACH000489
22,43424735,49927559,ACH000489
22,49960695,49961404,ACH000489
22,49961405,50468713,ACH000489
22,50474533,50482209,ACH000489
22,50482314,50799394,ACH000489
3,325706,47126913,ACH000489
3,47163603,47164174,ACH000489
3,47228399,89479754,ACH000489
3,93873992,98882017,ACH000489
3,98900871,198038919,ACH000489
4,85480,49062142,ACH000489
4,51863184,190026224,ACH000489
5,140055,50400165,ACH000489
5,50402033,181205362,ACH000489
6,334861,7904975,ACH000489
6,7910261,7911028,ACH000489
6,8015396,27472546,ACH000489
6,27807273,63709492,ACH000489
6,63710914,129710388,ACH000489
6,129831066,167373612,ACH000489
6,167374098,167374703,ACH000489
6,167375713,170584833,ACH000489
7,192949,12652151,ACH000489
7,12652337,37894862,ACH000489
7,37896617,55428699,ACH000489
7,55430973,74777599,ACH000489
7,74887432,75043361,ACH000489
7,75055648,127703575,ACH000489
7,127707304,143574401,ACH000489
7,143755074,143876860,ACH000489
7,143934980,159145023,ACH000489
8,240643,33597767,ACH000489
8,35544195,39838437,ACH000489
8,39913672,40697653,ACH000489
8,41264914,47202800,ACH000489
8,47202801,145054409,ACH000489
9,214256,27056711,ACH000489
9,27060338,42188042,ACH000489
9,63985974,66990316,ACH000489
9,67884233,79725396,ACH000489
9,81583945,84003116,ACH000489
9,84277965,93320642,ACH000489
9,93447358,93953439,ACH000489
9,93954671,94085009,ACH000489
9,94085010,104139567,ACH000489
9,104504010,110472573,ACH000489
9,110475953,126881164,ACH000489
9,126962037,137246105,ACH000489
9,137247407,138122249,ACH000489
X,2781813,141177273,ACH000489
X,141241264,141241886,ACH000489
X,141697212,155545528,ACH000489
Y,2786736,20779918,ACH000489
1,925689,12859494,ACH000421
1,12859495,13260474,ACH000421
1,13281530,50201430,ACH000421
1,50418414,63654718,ACH000421
1,63659333,63774760,ACH000421
1,64009052,70277096,ACH000421
1,70292135,70866085,ACH000421
1,70952654,109592485,ACH000421
1,109598642,109925441,ACH000421
1,109984800,111787358,ACH000421
1,112610588,113119775,ACH000421
1,115976413,117525409,ACH000421
1,117622616,196747565,ACH000421
1,196774634,196788650,ACH000421
1,196887898,227734913,ACH000421
1,227734914,228458762,ACH000421
1,228735490,248918615,ACH000421
10,46804,133625762,ACH000421
11,197487,214602,ACH000421
11,216445,219293,ACH000421
11,223825,5755956,ACH000421
11,5777407,5789068,ACH000421
11,5820083,16112175,ACH000421
11,16183633,20159544,ACH000421
11,20159705,62762156,ACH000421
11,62762614,62911352,ACH000421
11,62976541,75283735,ACH000421
11,75283982,134387911,ACH000421
12,66632,133203125,ACH000421
13,19173610,21168651,ACH000421
13,21172086,21176696,ACH000421
13,21176697,73062986,ACH000421
13,73063571,114326533,ACH000421
14,18967233,19877464,ACH000421
14,19920354,85623749,ACH000421
14,87934479,105708914,ACH000421
14,105739812,106349970,ACH000421
14,106359540,106875267,ACH000421
15,19964405,30631025,ACH000421
15,30633237,82283314,ACH000421
15,82431579,82431905,ACH000421
15,82432321,101923311,ACH000421
16,47177,668294,ACH000421
16,668295,24942395,ACH000421
16,24943518,24979257,ACH000421
16,25014956,48365729,ACH000421
16,48384953,48543511,ACH000421
16,48545896,70120969,ACH000421
16,70127009,70252152,ACH000421
16,70252468,89562637,ACH000421
16,89562638,89576323,ACH000421
16,89578604,90076160,ACH000421
17,213599,11993081,ACH000421
17,12020634,12021253,ACH000421
17,12054636,20306334,ACH000421
17,20865162,35353237,ACH000421
17,35353238,35442538,ACH000421
17,35443536,83094827,ACH000421
18,158446,2778489,ACH000421
18,2784199,2847565,ACH000421
18,2847566,80247600,ACH000421
19,281135,7268148,ACH000421
19,7293539,7294143,ACH000421
19,7440162,11252666,ACH000421
19,11252667,11262690,ACH000421
19,11296045,12333734,ACH000421
19,12349448,14413472,ACH000421
19,14440890,29208410,ACH000421
19,29608404,54747637,ACH000421
19,54751396,54778914,ACH000421
19,54782669,58571641,ACH000421
2,41355,10000959,ACH000421
2,10043464,10046671,ACH000421
2,10047397,97118775,ACH000421
2,97537917,97547655,ACH000421
2,97547656,241873526,ACH000421
20,87457,25686669,ACH000421
20,31257411,63214195,ACH000421
20,63215324,63216144,ACH000421
20,63235844,64273852,ACH000421
21,10413469,46664579,ACH000421
22,15689827,17503381,ACH000421
22,17504596,18611684,ACH000421
22,19038612,20320240,ACH000421
22,21444669,22162931,ACH000421
22,22195730,22910857,ACH000421
22,22914021,23315774,ACH000421
22,23573013,25320338,ACH000421
22,25351546,30176417,ACH000421
22,30243398,31140606,ACH000421
22,31186842,50799394,ACH000421
3,325706,47126913,ACH000421
3,47163603,47164174,ACH000421
3,47228399,62191905,ACH000421
3,62194809,62276218,ACH000421
3,62276719,86067035,ACH000421
3,86946771,198038919,ACH000421
4,85480,1961403,ACH000421
4,1974385,2128479,ACH000421
4,2128926,5841680,ACH000421
4,5842840,8219782,ACH000421
4,8222587,8619869,ACH000421
4,9444281,90468604,ACH000421
4,90627774,90839289,ACH000421
4,92304404,128288042,ACH000421
4,128831506,128937103,ACH000421
4,128942743,151291703,ACH000421
4,151670921,162111648,ACH000421
4,163128644,190026224,ACH000421
5,140055,73901534,ACH000421
5,73903971,181205362,ACH000421
6,334861,27472546,ACH000421
6,27807273,31710843,ACH000421
6,31715103,31996714,ACH000421
6,32028613,32029451,ACH000421
6,32038953,39725562,ACH000421
6,39856052,57382418,ACH000421
6,60400000,73823885,ACH000421
6,75086294,119349317,ACH000421
6,121080518,149074368,ACH000421
6,149369745,150143750,ACH000421
6,150214491,170584833,ACH000421
7,192949,103490151,ACH000421
7,103490415,103630428,ACH000421
7,103635172,158942398,ACH000421
7,159031575,159145023,ACH000421
8,240643,37940279,ACH000421
8,37963965,38528889,ACH000421
8,38788451,39285049,ACH000421
8,39663542,43302362,ACH000421
8,43304446,58635264,ACH000421
8,58635265,92076304,ACH000421
8,93700397,93700923,ACH000421
8,93700973,94411567,ACH000421
8,94458015,145054409,ACH000421
9,214256,138122249,ACH000421
X,2781813,24209292,ACH000421
X,24209940,103826036,ACH000421
X,104012959,126552860,ACH000421
X,128050823,128052458,ACH000421
X,129448056,148025252,ACH000421
X,148500845,148991584,ACH000421
X,149482493,149885481,ACH000421
X,150462519,150831545,ACH000421
X,150985347,155545528,ACH000421
Y,2786736,12834113,ACH000421
Y,12839611,12841385,ACH000421
Y,12841987,20779918,ACH000421
1,925689,148104164,ACH000999
1,148105107,148109583,ACH000999
1,148110125,148110793,ACH000999
1,148118367,248575009,ACH000999
1,248592577,248651136,ACH000999
1,248681116,248918615,ACH000999
10,46804,38115037,ACH000999
10,38115038,122514611,ACH000999
10,122591228,122593848,ACH000999
10,122597723,133625762,ACH000999
11,197487,16817574,ACH000999
11,16825867,43681239,ACH000999
11,43750658,134387911,ACH000999
12,66632,133203125,ACH000999
13,19173610,114326533,ACH000999
14,18967233,73521291,ACH000999
14,73522019,73543907,ACH000999
14,73568988,105742580,ACH000999
14,105742581,106324543,ACH000999
14,106334829,106875267,ACH000999
15,19964405,101923311,ACH000999
16,47177,14889467,ACH000999
16,14894745,15030308,ACH000999
16,15031482,70120969,ACH000999
16,70127009,70186228,ACH000999
16,70250829,90076160,ACH000999
17,213599,19020683,ACH000999
17,19063669,19112886,ACH000999
17,19282867,83094827,ACH000999
18,158446,80247600,ACH000999
19,281135,51629734,ACH000999
19,51629735,51643725,ACH000999
19,51645224,58571641,ACH000999
2,41355,241873526,ACH000999
20,87457,64273852,ACH000999
21,10413469,46664579,ACH000999
22,15689827,50799394,ACH000999
3,325706,37017851,ACH000999
3,37020057,37121943,ACH000999
3,37127377,198038919,ACH000999
4,85480,68497056,ACH000999
4,68537372,68647635,ACH000999
4,68653784,190026224,ACH000999
5,140055,50402571,ACH000999
5,50402925,181205362,ACH000999
6,334861,170584833,ACH000999
7,192949,42223505,ACH000999
7,42909382,47882337,ACH000999
7,47884345,74717202,ACH000999
7,74752841,74777599,ACH000999
7,74887432,102479058,ACH000999
7,102572221,102606239,ACH000999
7,102813089,143479048,ACH000999
7,143571567,143574401,ACH000999
7,143755074,159145023,ACH000999
8,240643,31173354,ACH000999
8,31639734,88327458,ACH000999
8,89757808,90082949,ACH000999
8,90625418,145054409,ACH000999
9,214256,138122249,ACH000999
X,2781813,15259197,ACH000999
X,15283252,15283881,ACH000999
X,15287628,68299348,ACH000999
X,68432614,73448007,ACH000999
X,73563034,76178160,ACH000999
X,76427678,92619192,ACH000999
X,93671531,155545528,ACH000999
Y,2786736,20779918,ACH000999
1,925689,1244749,ACH001199
1,1246261,1246942,ACH001199
1,1254950,3496270,ACH001199
1,3496886,3497175,ACH001199
1,3497176,6419196,ACH001199
1,6419197,6420072,ACH001199
1,6424703,103579752,ACH001199
1,103617188,115992493,ACH001199
1,116019331,196747565,ACH001199
1,196774634,196788650,ACH001199
1,196887898,207524259,ACH001199
1,207526502,207526974,ACH001199
1,207564086,207802773,ACH001199
1,207876723,216723551,ACH001199
1,217430892,248918615,ACH001199
10,46804,133625762,ACH001199
11,197487,773818,ACH001199
11,773819,777714,ACH001199
11,787874,46903181,ACH001199
11,46918075,46918631,ACH001199
11,46936553,48110328,ACH001199
11,48112494,134387911,ACH001199
12,66632,50081901,ACH001199
12,50085117,50085798,ACH001199
12,50085908,133203125,ACH001199
13,19173610,73064135,ACH001199
13,73075455,114326533,ACH001199
14,18967233,73523263,ACH001199
14,73537169,73543907,ACH001199
14,73568988,105177987,ACH001199
14,105180876,105210840,ACH001199
14,105210869,105470028,ACH001199
14,105470029,106005203,ACH001199
14,106005239,106235765,ACH001199
14,106268355,106875267,ACH001199
15,19964405,24987245,ACH001199
15,25051225,25251190,ACH001199
15,25269532,40472596,ACH001199
15,40553718,40610549,ACH001199
15,40615088,101923311,ACH001199
16,47177,271567,ACH001199
16,280428,280804,ACH001199
16,281493,14889467,ACH001199
16,14894745,15030308,ACH001199
16,15031482,20385103,ACH001199
16,20459862,20486930,ACH001199
16,20537005,68372433,ACH001199
16,68557745,68816011,ACH001199
16,68819027,90076160,ACH001199
17,213599,19020683,ACH001199
17,19063669,19112886,ACH001199
17,19282867,81707492,ACH001199
17,81712174,81712771,ACH001199
17,81714700,81903000,ACH001199
17,81904580,81978000,ACH001199
17,81978931,83094827,ACH001199
18,158446,2892738,ACH001199
18,2906530,3194208,ACH001199
18,3214683,80247600,ACH001199
19,281135,54222124,ACH001199
19,54222125,54239341,ACH001199
19,54240113,58571641,ACH001199
2,41355,40430532,ACH001199
2,42048544,47801407,ACH001199
2,47803167,219425846,ACH001199
2,219425847,219493038,ACH001199
2,219499723,241873526,ACH001199
20,87457,14327758,ACH001199
20,14493226,14685211,ACH001199
20,15229687,62760519,ACH001199
20,62796271,62796890,ACH001199
20,62796891,64273852,ACH001199
21,10413469,10592625,ACH001199
21,10595729,10650085,ACH001199
21,14108740,46664579,ACH001199
22,15689827,50799394,ACH001199
3,325706,17258843,ACH001199
3,17291642,47126913,ACH001199
3,47163603,47164174,ACH001199
3,47228399,50118708,ACH001199
3,50154840,50155397,ACH001199
3,50159370,50648298,ACH001199
3,50675013,50779008,ACH001199
3,50841424,53501972,ACH001199
3,53650526,57199204,ACH001199
3,57199509,57228189,ACH001199
3,57235313,198038919,ACH001199
4,85480,68497056,ACH001199
4,68537372,68568736,ACH001199
4,68646851,168512664,ACH001199
4,168667937,185662449,ACH001199
4,186076367,190026224,ACH001199
5,140055,1495166,ACH001199
5,1501208,1524096,ACH001199
5,1798371,181205362,ACH001199
6,334861,27472546,ACH001199
6,27807273,100868249,ACH001199
6,101399025,116931758,ACH001199
6,117265511,170584833,ACH001199
7,192949,29566971,ACH001199
7,29875579,30135550,ACH001199
7,30145924,130683924,ACH001199
7,130684935,130734285,ACH001199
7,130876496,159145023,ACH001199
8,240643,14555178,ACH001199
8,15540178,145054409,ACH001199
9,214256,2838759,ACH001199
9,3224789,28863956,ACH001199
9,32405254,39362061,ACH001199
9,41126877,68304457,ACH001199
9,68356875,101738231,ACH001199
9,102995128,110389837,ACH001199
9,110400603,133262418,ACH001199
9,133274911,133275439,ACH001199
9,133331616,136726489,ACH001199
9,136726496,136955651,ACH001199
9,136977326,138122249,ACH001199
X,2781813,7106088,ACH001199
X,7219423,7350513,ACH001199
X,7842951,48355501,ACH001199
X,48384342,48384927,ACH001199
X,48466917,155545528,ACH001199
Y,2786736,12738561,ACH001199
Y,12739272,12739881,ACH001199
Y,12756939,12760869,ACH001199
Y,12773330,12774177,ACH001199
Y,12776396,12915024,ACH001199
Y,12915025,12917231,ACH001199
Y,12917232,19716534,ACH001199
Y,19720619,19731987,ACH001199
Y,19735099,19741611,ACH001199
Y,20582337,20582945,ACH001199
Y,20755911,20779918,ACH001199
1,925689,16592271,ACH000360
1,16922410,16949178,ACH000360
1,16950700,25247215,ACH000360
1,25272295,25329176,ACH000360
1,25340234,143880646,ACH000360
1,144422760,193105890,ACH000360
1,193122012,196747565,ACH000360
1,196774634,196788650,ACH000360
1,196887898,243665135,ACH000360
1,243695338,248918615,ACH000360
10,46804,17644631,ACH000360
10,17660211,133625762,ACH000360
11,197487,134387911,ACH000360
12,66632,121962414,ACH000360
12,121966702,122826721,ACH000360
12,122835298,122848279,ACH000360
12,122848280,123034842,ACH000360
12,123156554,133203125,ACH000360
13,19173610,75824125,ACH000360
13,75832798,114326533,ACH000360
14,18967233,24133075,ACH000360
14,24136010,24138156,ACH000360
14,24138157,26595805,ACH000360
14,28767027,29666460,ACH000360
14,29725283,30735861,ACH000360
14,30874686,31337864,ACH000360
14,31343645,32155200,ACH000360
14,32433241,32939618,ACH000360
14,33214929,36676704,ACH000360
14,36680405,105863510,ACH000360
14,105986331,106324543,ACH000360
14,106334829,106349970,ACH000360
14,106359540,106875267,ACH000360
15,19964405,72583544,ACH000360
15,72661013,72664727,ACH000360
15,72694924,101923311,ACH000360
16,47177,29895590,ACH000360
16,29895591,90076160,ACH000360
17,213599,7949762,ACH000360
17,8002795,8345572,ACH000360
17,8345573,21416896,ACH000360
17,22298644,83094827,ACH000360
18,158446,28036798,ACH000360
18,28147420,28177274,ACH000360
18,30298659,80247600,ACH000360
19,281135,1612683,ACH000360
19,1615032,10567669,ACH000360
19,10568260,58571641,ACH000360
2,41355,10000959,ACH000360
2,10043464,10044010,ACH000360
2,10045897,63607239,ACH000360
2,63841933,63962695,ACH000360
2,63965582,88860745,ACH000360
2,88860746,89027934,ACH000360
2,89039973,90234981,ACH000360
2,94871327,97579222,ACH000360
2,97646814,98611147,ACH000360
2,98615954,130195479,ACH000360
2,130195896,130198612,ACH000360
2,130338867,241873526,ACH000360
20,87457,31258009,ACH000360
20,31259207,34295837,ACH000360
20,34393559,35177065,ACH000360
20,35246589,64273852,ACH000360
21,10413469,35049151,ACH000360
21,35720464,46664579,ACH000360
22,15689827,38962353,ACH000360
22,38962354,38992289,ACH000360
22,38992290,50799394,ACH000360
3,325706,12532973,ACH000360
3,12568622,12618973,ACH000360
3,12735302,58317748,ACH000360
3,58332736,58333342,ACH000360
3,58365621,89479754,ACH000360
3,93873992,175576437,ACH000360
3,175737055,198038919,ACH000360
4,85480,190026224,ACH000360
5,140055,82318552,ACH000360
5,83056831,137754318,ACH000360
5,137870399,181205362,ACH000360
6,334861,25770698,ACH000360
6,25770699,69697893,ACH000360
6,69698790,148471755,ACH000360
6,148487361,170584833,ACH000360
7,192949,77404867,ACH000360
7,77415960,77537897,ACH000360
7,77570825,90164986,ACH000360
7,90224830,90385406,ACH000360
7,90412424,100723385,ACH000360
7,100735469,100748269,ACH000360
7,100748270,142065527,ACH000360
7,142065528,142094700,ACH000360
7,142094701,159145023,ACH000360
8,240643,145054409,ACH000360
9,214256,65284629,ACH000360
9,65690714,138122249,ACH000360
X,2781813,155545528,ACH000360
Y,2786736,7081105,ACH000360
Y,7087014,7087684,ACH000360
Y,7303684,12739881,ACH000360
Y,12756939,12757650,ACH000360
Y,12760231,12834113,ACH000360
Y,12839611,12841385,ACH000360
Y,12841987,13303243,ACH000360
Y,13323462,13324012,ACH000360
Y,13324348,20757107,ACH000360
Y,20759615,20769228,ACH000360
Y,20779256,20779918,ACH000360
1,925689,6155969,ACH000970
1,6167897,6187068,ACH000970
1,6192677,16592271,ACH000970
1,16922410,16949178,ACH000970
1,16950700,196747565,ACH000970
1,196774634,196788650,ACH000970
1,196887898,248918615,ACH000970
10,46804,133625762,ACH000970
11,197487,134387911,ACH000970
12,66632,10436238,ACH000970
12,10446298,44211639,ACH000970
12,44299327,99825639,ACH000970
12,99983853,100318177,ACH000970
12,100323272,133203125,ACH000970
13,19173610,75324653,ACH000970
13,75325944,114326533,ACH000970
14,18967233,22611200,ACH000970
14,22766269,22771810,ACH000970
14,22773357,73523263,ACH000970
14,73537169,73543907,ACH000970
14,73568988,101810288,ACH000970
14,101856433,104178995,ACH000970
14,104587496,105863510,ACH000970
14,105986331,106349970,ACH000970
14,106359540,106875267,ACH000970
15,19964405,43559184,ACH000970
15,43596350,43648313,ACH000970
15,43696182,72583544,ACH000970
15,72661013,72664727,ACH000970
15,72694924,82432723,ACH000970
15,82432724,82434735,ACH000970
15,82436174,101923311,ACH000970
16,47177,14889467,ACH000970
16,14894745,15030308,ACH000970
16,15031482,90076160,ACH000970
17,213599,16690994,ACH000970
17,16707218,18805819,ACH000970
17,18865581,19020683,ACH000970
17,19063669,19112886,ACH000970
17,19282867,29589630,ACH000970
17,29593369,29593987,ACH000970
17,29607489,35148683,ACH000970
17,35148720,35151464,ACH000970
17,35152640,36106522,ACH000970
17,36165742,36212821,ACH000970
17,36486447,83094827,ACH000970
18,158446,80247600,ACH000970
19,281135,8491047,ACH000970
19,8491048,8605490,ACH000970
19,8697198,54219497,ACH000970
19,54220373,54222862,ACH000970
19,54222863,58571641,ACH000970
2,41355,9996653,ACH000970
2,10000340,10044010,ACH000970
2,10045897,88860745,ACH000970
2,88860746,89027934,ACH000970
2,89039973,90234981,ACH000970
2,94871327,97118260,ACH000970
2,97118261,97549864,ACH000970
2,97551038,232927438,ACH000970
2,232927642,232928249,ACH000970
2,232969961,241873526,ACH000970
20,87457,19580326,ACH000970
20,19584718,25686669,ACH000970
20,31257411,64273852,ACH000970
21,10413469,46664579,ACH000970
22,15689827,22376755,ACH000970
22,22380801,24347428,ACH000970
22,24363008,27919443,ACH000970
22,28687644,29543794,ACH000970
22,29544207,41230503,ACH000970
22,41249077,42411988,ACH000970
22,42502984,42554294,ACH000970
22,42556299,42912332,ACH000970
22,43039523,43503007,ACH000970
22,43528600,46235632,ACH000970
22,46244839,50799394,ACH000970
3,325706,4521344,ACH000970
3,4627512,46976984,ACH000970
3,46988418,47001872,ACH000970
3,47001873,198038919,ACH000970
4,85480,68497056,ACH000970
4,68537372,68568736,ACH000970
4,68646851,182915827,ACH000970
4,183099241,183099872,ACH000970
4,183193348,190026224,ACH000970
5,140055,64800579,ACH000970
5,64801049,65273699,ACH000970
5,65291076,71013167,ACH000970
5,71092796,71093443,ACH000970
5,71455625,181205362,ACH000970
6,334861,27457661,ACH000970
6,27472035,32460337,ACH000970
6,32519117,32530476,ACH000970
6,32934718,65335398,ACH000970
6,65343785,170584833,ACH000970
7,192949,5886341,ACH000970
7,5901404,5910368,ACH000970
7,5927943,57132576,ACH000970
7,64520908,149494755,ACH000970
7,149497260,149497788,ACH000970
7,149558557,159145023,ACH000970
8,240643,7451451,ACH000970
8,7860393,18684182,ACH000970
8,18765196,47849753,ACH000970
8,47852422,47944279,ACH000970
8,47953369,145054409,ACH000970
9,214256,138122249,ACH000970
X,2781813,6534299,ACH000970
X,7050045,7325750,ACH000970
X,7333733,7350513,ACH000970
X,7842951,47659215,ACH000970
X,47803036,47916884,ACH000970
X,47975914,57910672,ACH000970
X,63349817,68724212,ACH000970
X,68840165,142204239,ACH000970
X,143025764,155545528,ACH000970
Y,2786736,2978332,ACH000970
Y,2978557,2980245,ACH000970
Y,3578992,5057711,ACH000970
Y,5097962,5100959,ACH000970
Y,5737021,6247006,ACH000970
Y,6247103,6868596,ACH000970
Y,6868597,7304357,ACH000970
Y,7325653,12722439,ACH000970
Y,12724860,12779007,ACH000970
Y,12779273,12779898,ACH000970
Y,12785950,12810479,ACH000970
Y,12810480,12811070,ACH000970
Y,12812577,12834113,ACH000970
Y,12839611,12840811,ACH000970
Y,12840812,12905233,ACH000970
Y,12911586,12915428,ACH000970
Y,12915429,14841514,ACH000970
Y,19586974,20779918,ACH000970
1,10001,2684000,ACH000360
1,2684001,2768000,ACH000360
1,2768001,12774633,ACH000360
1,12774634,13247633,ACH000360
1,13268634,13375633,ACH000360
1,13375634,13951834,ACH000360
1,13951835,13970834,ACH000360
1,13970835,16033715,ACH000360
1,16033716,16035715,ACH000360
1,16035716,16682624,ACH000360
1,16682625,16713624,ACH000360
1,16715625,16867624,ACH000360
1,16867625,16948624,ACH000360
1,16948625,17382264,ACH000360
1,17382265,66520361,ACH000360
1,66520362,73408763,ACH000360
1,73408764,83832437,ACH000360
1,83832438,91920633,ACH000360
1,91920634,93807633,ACH000360
1,93807634,96821260,ACH000360
1,96821261,98714325,ACH000360
1,98714326,102174417,ACH000360
1,102174418,121775654,ACH000360
1,124936475,125143474,ACH000360
1,125143475,143273474,ACH000360
1,143274475,143505474,ACH000360
1,143526475,143987474,ACH000360
1,144100475,147519474,ACH000360
1,147519475,147729474,ACH000360
1,147729475,153171988,ACH000360
1,153171989,157547535,ACH000360
1,157547536,158465269,ACH000360
1,158465270,160869371,ACH000360
1,160869372,161084045,ACH000360
1,161084046,161688329,ACH000360
1,161688330,164754115,ACH000360
1,164754116,167177608,ACH000360
1,167177609,168210026,ACH000360
1,168210027,173592393,ACH000360
1,173592394,175372551,ACH000360
1,175372552,178069986,ACH000360
1,178069987,187770610,ACH000360
1,187770611,188139610,ACH000360
1,188139611,191184105,ACH000360
1,191184106,193121812,ACH000360
1,193121813,199292860,ACH000360
1,199292861,206052192,ACH000360
1,206052193,206059192,ACH000360
1,206059193,207701681,ACH000360
1,207701682,227029272,ACH000360
1,227029273,227316972,ACH000360
1,227316973,233793204,ACH000360
1,233793205,235105820,ACH000360
1,235105821,235506123,ACH000360
1,235506124,238372064,ACH000360
1,238372065,242575059,ACH000360
1,242575060,242881059,ACH000360
1,242881060,244011690,ACH000360
1,244011691,247789463,ACH000360
1,247789464,247884463,ACH000360
1,247884464,248553463,ACH000360
1,248562464,248577463,ACH000360
1,248577464,248946463,ACH000360
10,366037,36357857,ACH000360
10,36357858,38484311,ACH000360
10,38484312,38614311,ACH000360
10,38614312,38784311,ACH000360
10,38784312,38920311,ACH000360
10,38920312,41842271,ACH000360
10,41842272,41916271,ACH000360
10,42066272,42086271,ACH000360
10,42086272,42106271,ACH000360
10,42106272,42901006,ACH000360
10,42901007,46146265,ACH000360
10,46147266,46955265,ACH000360
10,46982266,47582456,ACH000360
10,47586457,47649456,ACH000360
10,47649457,51798068,ACH000360
10,51798069,51884068,ACH000360
10,51884069,63816614,ACH000360
10,63816615,63931614,ACH000360
10,63931615,63981614,ACH000360
10,63981615,63983614,ACH000360
10,63983615,64015614,ACH000360
10,64015615,112462235,ACH000360
10,112462236,113091387,ACH000360
10,113091388,133787129,ACH000360
11,179001,3088302,ACH000360
11,3088303,4790201,ACH000360
11,4790202,8790029,ACH000360
11,8790030,11979610,ACH000360
11,11979611,26567024,ACH000360
11,26567025,31288646,ACH000360
11,31288647,35012981,ACH000360
11,35012982,37695939,ACH000360
11,37695940,42408536,ACH000360
11,42408537,42938309,ACH000360
11,42938310,48066909,ACH000360
11,48066910,50081197,ACH000360
11,50081198,50445197,ACH000360
11,50445198,50559197,ACH000360
11,50559198,50682197,ACH000360
11,50682198,50821197,ACH000360
11,54537825,54541824,ACH000360
11,54541825,54867824,ACH000360
11,54867825,54922824,ACH000360
11,54922825,54935824,ACH000360
11,54935825,54960824,ACH000360
11,54960825,55035824,ACH000360
11,55035825,55204824,ACH000360
11,55204825,55215824,ACH000360
11,55215825,55597824,ACH000360
11,55597825,55688824,ACH000360
11,55688825,56430978,ACH000360
11,56430979,61629526,ACH000360
11,61629527,62297817,ACH000360
11,62297818,63420298,ACH000360
11,63420299,63440298,ACH000360
11,63440299,70094300,ACH000360
11,70094301,71635300,ACH000360
11,71635301,77508370,ACH000360
11,77508371,78669791,ACH000360
11,78669792,81494088,ACH000360
11,81500461,81747887,ACH000360
11,81747888,81843689,ACH000360
11,81843690,87032882,ACH000360
11,87032883,87353882,ACH000360
11,87353883,88179723,ACH000360
11,88179724,88588483,ACH000360
11,88588484,90115186,ACH000360
11,90115187,91052242,ACH000360
11,91052243,91171242,ACH000360
11,91171243,91987242,ACH000360
11,91987243,94840291,ACH000360
11,94840292,100059325,ACH000360
11,100059326,105192541,ACH000360
11,105192542,106206083,ACH000360
11,106206084,118314296,ACH000360
11,118314297,121281013,ACH000360
11,121281014,124366100,ACH000360
11,124366101,124407100,ACH000360
11,124407101,126004558,ACH000360
11,126004559,128028838,ACH000360
11,128028839,130431587,ACH000360
11,130431588,132516884,ACH000360
11,132516885,135075626,ACH000360
12,10001,34420902,ACH000360
12,34420903,34691902,ACH000360
12,34691903,37410002,ACH000360
12,37410003,38016002,ACH000360
12,38016003,79665925,ACH000360
12,79665926,79768737,ACH000360
12,79768738,121962599,ACH000360
12,121962600,123142599,ACH000360
12,123142600,133264353,ACH000360
13,16022288,18356998,ACH000360
13,18407999,18452998,ACH000360
13,18864442,62160473,ACH000360
13,62160474,65894322,ACH000360
13,65894323,65903322,ACH000360
13,65903323,82940913,ACH000360
13,82940914,87681034,ACH000360
13,87681035,87691034,ACH000360
13,87691035,89710911,ACH000360
13,89710912,112280907,ACH000360
13,112284908,112312907,ACH000360
13,112312908,114353672,ACH000360
14,16091288,16140287,ACH000360
14,16399814,27990130,ACH000360
14,27990131,28785804,ACH000360
14,28785805,29698804,ACH000360
14,29698805,30008804,ACH000360
14,30008805,30251002,ACH000360
14,30255400,31614399,ACH000360
14,31614400,32487979,ACH000360
14,32487980,32683979,ACH000360
14,32683980,32862839,ACH000360
14,32871859,33033858,ACH000360
14,33033859,33531030,ACH000360
14,33531031,34338388,ACH000360
14,34338389,36667162,ACH000360
14,36667163,106883979,ACH000360
15,17000001,19832004,ACH000360
15,19832005,19999004,ACH000360
15,20002005,22302004,ACH000360
15,22376005,23164004,ACH000360
15,23174005,23359004,ACH000360
15,23360005,101968587,ACH000360
16,10001,6466611,ACH000360
16,6466612,7433519,ACH000360
16,7433520,32493219,ACH000360
16,32495220,32519219,ACH000360
16,32586220,34060219,ACH000360
16,34060220,34100219,ACH000360
16,34100220,34278219,ACH000360
16,34571220,34596219,ACH000360
16,34596220,34707219,ACH000360
16,34707220,34771219,ACH000360
16,34771220,34827219,ACH000360
16,34896220,34923219,ACH000360
16,34923220,35230219,ACH000360
16,35230220,35523219,ACH000360
16,35523220,35928219,ACH000360
16,35928220,38280419,ACH000360
16,46380420,46402419,ACH000360
16,46402420,46423419,ACH000360
16,46423420,78928594,ACH000360
16,78928595,79078990,ACH000360
16,79078991,90224877,ACH000360
17,130001,21844311,ACH000360
17,21844312,21884311,ACH000360
17,21884312,22043311,ACH000360
17,22043312,22745311,ACH000360
17,26618915,26775914,ACH000360
17,26775915,26940914,ACH000360
17,26940915,36163691,ACH000360
17,36163692,36444691,ACH000360
17,36445692,83207672,ACH000360
18,325424,15384685,ACH000360
18,15384686,20576189,ACH000360
18,20577190,80262924,ACH000360
19,89001,2143757,ACH000360
19,2143758,10614825,ACH000360
19,10614826,20413033,ACH000360
19,20413034,20535033,ACH000360
19,20535034,24329553,ACH000360
19,24329554,27485624,ACH000360
19,27485625,27567624,ACH000360
19,27567625,34001854,ACH000360
19,34001855,34182854,ACH000360
19,34182855,54224721,ACH000360
19,54224722,54240721,ACH000360
19,54240722,58605237,ACH000360
2,11001,11402918,ACH000360
2,11402919,15583126,ACH000360
2,15583127,23734000,ACH000360
2,23734001,48727515,ACH000360
2,48727516,49326801,ACH000360
2,49326802,61207381,ACH000360
2,61207382,63713585,ACH000360
2,63713586,63966178,ACH000360
2,63966179,77105374,ACH000360
2,77105375,77973932,ACH000360
2,77973933,83380955,ACH000360
2,83380956,89032554,ACH000360
2,89032555,89048554,ACH000360
2,89048555,89771554,ACH000360
2,89771555,89841554,ACH000360
2,89841555,90376554,ACH000360
2,90376555,91426554,ACH000360
2,91426555,94512307,ACH000360
2,94512308,94569307,ACH000360
2,94569308,97051784,ACH000360
2,97656919,98614706,ACH000360
2,98614707,125375438,ACH000360
2,125375439,204927751,ACH000360
2,204927752,205565429,ACH000360
2,205565430,231823614,ACH000360
2,231824615,231842614,ACH000360
2,231847615,242159055,ACH000360
20,60001,14544192,ACH000360
20,14544193,14714030,ACH000360
20,15181036,15192035,ACH000360
20,15192036,15236035,ACH000360
20,15236036,15254035,ACH000360
20,15254036,15255035,ACH000360
20,15255036,15305601,ACH000360
20,15305602,15306601,ACH000360
20,15306602,15320596,ACH000360
20,15327060,15417082,ACH000360
20,15417083,26292064,ACH000360
20,26292065,26590705,ACH000360
20,26596706,29225418,ACH000360
20,29225419,29669418,ACH000360
20,29669419,30993098,ACH000360
20,30993099,31245098,ACH000360
20,31245099,33721319,ACH000360
20,33721320,34373319,ACH000360
20,34373320,35195319,ACH000360
20,35195320,38793402,ACH000360
20,38793403,41535526,ACH000360
20,41535527,43687968,ACH000360
20,43687969,49312815,ACH000360
20,49312816,60388309,ACH000360
20,60388310,64334550,ACH000360
21,5103001,5255000,ACH000360
21,5289001,5375000,ACH000360
21,6367001,7255000,ACH000360
21,7255001,7262000,ACH000360
21,7262001,7776000,ACH000360
21,7915001,7970000,ACH000360
21,7970001,9017000,ACH000360
21,9017001,9043000,ACH000360
21,9072001,10029000,ACH000360
21,10029001,10274000,ACH000360
21,10274001,10654000,ACH000360
21,10654001,10740000,ACH000360
21,10740001,10801000,ACH000360
21,10801001,12997558,ACH000360
21,12997559,13037558,ACH000360
21,13037559,13176558,ACH000360
21,13188559,13870558,ACH000360
21,13870559,13899558,ACH000360
21,13899559,16730667,ACH000360
21,16730668,19142896,ACH000360
21,19142897,21511253,ACH000360
21,21511254,22000345,ACH000360
21,22000346,24666716,ACH000360
21,24666717,25334716,ACH000360
21,25334717,26045400,ACH000360
21,26045401,28933475,ACH000360
21,28933476,30372083,ACH000360
21,30372084,35549702,ACH000360
21,35549703,46692795,ACH000360
22,10662001,10688000,ACH000360
22,10688001,10729000,ACH000360
22,10729001,11212000,ACH000360
22,11212001,11951000,ACH000360
22,11951001,12225000,ACH000360
22,12278001,12585000,ACH000360
22,12586001,15940068,ACH000360
22,15940069,16076068,ACH000360
22,16076069,23931733,ACH000360
22,23931734,23947733,ACH000360
22,23949734,50808777,ACH000360
3,12001,12555891,ACH000360
3,12555892,12640891,ACH000360
3,12640892,65946941,ACH000360
3,65946942,66020941,ACH000360
3,66020942,90256362,ACH000360
3,90256363,90532362,ACH000360
3,90532363,90670362,ACH000360
3,90670363,90720362,ACH000360
3,91248373,97468913,ACH000360
3,97468914,97658913,ACH000360
3,97658914,98180725,ACH000360
3,98207027,103471814,ACH000360
3,103471815,104294151,ACH000360
3,104294152,115428653,ACH000360
3,115428654,121553087,ACH000360
3,121553088,123264186,ACH000360
3,123264187,127899532,ACH000360
3,127899533,129003893,ACH000360
3,129003894,135011954,ACH000360
3,135011955,139561839,ACH000360
3,139561840,140770910,ACH000360
3,140770911,148231674,ACH000360
3,148231675,157269652,ACH000360
3,157269653,163695328,ACH000360
3,163695329,170245618,ACH000360
3,170245619,174729312,ACH000360
3,174729313,174873312,ACH000360
3,174873313,175362970,ACH000360
3,176038166,198181997,ACH000360
4,1058364,8955368,ACH000360
4,8955369,9487368,ACH000360
4,9487369,29339064,ACH000360
4,29339065,49091023,ACH000360
4,49091024,49158023,ACH000360
4,49158024,49324023,ACH000360
4,49487024,49631023,ACH000360
4,49631024,49658023,ACH000360
4,49709024,64108837,ACH000360
4,64108838,64116837,ACH000360
4,64116838,64294837,ACH000360
4,64294838,64303837,ACH000360
4,64303838,90085334,ACH000360
4,90085335,90381115,ACH000360
4,90381116,90685608,ACH000360
4,90685609,91441053,ACH000360
4,91441054,142442542,ACH000360
4,142442543,142610542,ACH000360
4,142610543,190117518,ACH000360
4,190117519,190182518,ACH000360
5,11001,14118528,ACH000360
5,14118529,14480296,ACH000360
5,14480297,17527880,ACH000360
5,17594881,17669880,ACH000360
5,17669881,40227159,ACH000360
5,40227160,45004373,ACH000360
5,45004374,45014373,ACH000360
5,45014374,45911551,ACH000360
5,45911552,46218551,ACH000360
5,46218552,46261551,ACH000360
5,46261552,46360551,ACH000360
5,46360552,49646119,ACH000360
5,49656120,49667780,ACH000360
5,50142558,50319557,ACH000360
5,50319558,50938557,ACH000360
5,50938558,50943557,ACH000360
5,50943558,59894504,ACH000360
5,59894505,60231504,ACH000360
5,60231505,65739874,ACH000360
5,65739875,82636468,ACH000360
5,82636469,114989209,ACH000360
5,114989210,114999209,ACH000360
5,114999210,128126427,ACH000360
5,128126428,128180427,ACH000360
5,128180428,137814290,ACH000360
5,137814291,144206521,ACH000360
5,144206522,171099339,ACH000360
5,171099340,181474069,ACH000360
6,148001,47479775,ACH000360
6,47479776,61392684,ACH000360
6,61392685,61527684,ACH000360
6,61527685,62845330,ACH000360
6,62845331,64265538,ACH000360
6,64265539,64391538,ACH000360
6,64391539,77493274,ACH000360
6,77493275,81037428,ACH000360
6,81037429,81047428,ACH000360
6,81047429,83482583,ACH000360
6,83482584,87037150,ACH000360
6,87037151,148224822,ACH000360
6,148224823,170597897,ACH000360
7,34001,3266459,ACH000360
7,3266460,3310459,ACH000360
7,3315332,11236144,ACH000360
7,11236145,36850270,ACH000360
7,36850271,37895514,ACH000360
7,37895515,46285137,ACH000360
7,46285138,57906429,ACH000360
7,57906430,60939984,ACH000360
7,60939985,61017984,ACH000360
7,61017985,61071984,ACH000360
7,61074985,62437770,ACH000360
7,62437771,62538770,ACH000360
7,62538771,62990770,ACH000360
7,62990771,63504770,ACH000360
7,63513771,63582770,ACH000360
7,63653774,65783504,ACH000360
7,65783505,65823631,ACH000360
7,65823632,66684312,ACH000360
7,66684313,85775310,ACH000360
7,85775311,85989310,ACH000360
7,85989311,88521381,ACH000360
7,90256754,90410182,ACH000360
7,90410183,90875267,ACH000360
7,90875268,93449870,ACH000360
7,93449871,93795283,ACH000360
7,93795284,94913283,ACH000360
7,94913284,98215647,ACH000360
7,98215648,98411647,ACH000360
7,98411648,124219218,ACH000360
7,124219219,124522218,ACH000360
7,124522219,134867270,ACH000360
7,134867271,142346091,ACH000360
7,142346092,142747091,ACH000360
7,142747092,142778091,ACH000360
7,142778092,157222262,ACH000360
7,157222263,159336064,ACH000360
8,663371,12038312,ACH000360
8,12121313,12176312,ACH000360
8,12176313,12328312,ACH000360
8,12373313,12387312,ACH000360
8,12387313,12391312,ACH000360
8,12393313,12612312,ACH000360
8,12612313,15299872,ACH000360
8,15299873,15425488,ACH000360
8,15444645,43643058,ACH000360
8,43643059,45970015,ACH000360
8,45970016,89281516,ACH000360
8,89281517,89432516,ACH000360
8,89432517,89455516,ACH000360
8,89456517,89459516,ACH000360
8,89459517,89465516,ACH000360
8,89465517,145075578,ACH000360
9,10001,13571353,ACH000360
9,13571354,13576353,ACH000360
9,13576354,38973234,ACH000360
9,38977235,39024234,ACH000360
9,39024235,41276234,ACH000360
9,41279235,41445234,ACH000360
9,41457235,41673234,ACH000360
9,41674235,42293234,ACH000360
9,42293235,42324234,ACH000360
9,42324235,42419234,ACH000360
9,42419235,42578234,ACH000360
9,42728235,43156234,ACH000360
9,43156235,43221234,ACH000360
9,43236235,43250234,ACH000360
9,43250235,61181308,ACH000360
9,61213309,61215308,ACH000360
9,61216309,61370308,ACH000360
9,61533309,61666308,ACH000360
9,61666309,64134308,ACH000360
9,64317309,64846308,ACH000360
9,64935309,65397308,ACH000360
9,65397309,66798308,ACH000360
9,66798309,66843308,ACH000360
9,66843309,80654126,ACH000360
9,80655127,80656126,ACH000360
9,80656127,97982608,ACH000360
9,97982609,120592412,ACH000360
9,120592413,130268883,ACH000360
9,130268884,130271883,ACH000360
9,130271884,138219694,ACH000360
X,98001,58303217,ACH000360
X,58303218,62714217,ACH000360
X,62714218,156031439,ACH000360
